{
    "pools": [
        {
            "rolls": {
                "min": 0,
                "max": 2
            },
            "entries": [
                {
                    "type": "item",
                    "name": "minecraft:gunpowder",
                    "weight": 1
                }
            ]
        },
        {
            "rolls": 1,
            "entries": [
                {
                    "type": "item",
                    "name": "minecraft:tnt",
                    "weight": 1
                }
            ],
            "conditions": [
                {
                    "condition": "minecraft:killed_by_player"
                },
                {
                    "condition": "minecraft:random_chance_with_looting",
                    "chance": 0.025,
                    "looting_multiplier": 0.01
                }
            ]
        }
    ]
}