{
    "pools": [
        {
            "rolls": {
                "min": 4,
                "max": 6
            },
            "bonus_rolls": 1,
            "entries": [
                {
                    "type": "item",
                    "name": "minecraft:kelp",
                    "weight": 3
                },
                {
                    "type": "item",
                    "name": "minecraft:seagrass",
                    "weight": 3
                },
                {
                    "type": "item",
                    "name": "minecraft:sea_pickle",
                    "weight": 1
                }
            ]
        },
        {
            "rolls": {
                "min": 1,
                "max": 3
            },
            "entries": [
                {
                    "type": "item",
                    "name": "minecraft:cod_bucket",
                    "weight": 1
                },
                {
                    "type": "item",
                    "name": "minecraft:salmon_bucket",
                    "weight": 1
                },
                {
                    "type": "item",
                    "name": "minecraft:stick",
                    "weight": 1
                },
                {
                    "type": "item",
                    "name": "minecraft:bowl",
                    "weight": 1
                },
                {
                    "type": "item",
                    "name": "minecraft:string",
                    "weight": 1
                },
                {
                    "type": "item",
                    "name": "minecraft:beetroot",
                    "weight": 1
                },
                {
                    "type": "item",
                    "name": "minecraft:glass_bottle",
                    "weight": 1
                },
                {
                    "type": "item",
                    "name": "minecraft:potion",
                    "functions": [
                        {
                            "function": "set_nbt",
                            "tag": "{Potion:\"minecraft:water\"}"
                        }
                    ],
                    "weight": 1
                },
                {
                    "type": "item",
                    "name": "minecraft:nautilus_shell",
                    "quality": 1,
                    "weight": 1
                },
                {
                    "type": "item",
                    "name": "minecraft:paper",
                    "weight": 1
                },
                {
                    "type": "item",
                    "name": "minecraft:scute",
                    "weight": 1,
                    "quality": 1
                },
                {
                    "type": "item",
                    "name": "minecraft:bone",
                    "weight": 1
                },
                {
                    "type": "item",
                    "name": "minecraft:feather",
                    "weight": 1
                },
                {
                    "type": "item",
                    "name": "minecraft:leather",
                    "weight": 1
                },
                {
                    "type": "item",
                    "name": "minecraft:rabbit_hide",
                    "weight": 1
                },
                {
                    "type": "item",
                    "name": "minecraft:cod",
                    "weight": 1
                },
                {
                    "type": "item",
                    "name": "minecraft:salmon",
                    "weight": 1
                },
                {
                    "type": "item",
                    "name": "minecraft:rotten_flesh",
                    "weight": 1
                }
            ]
        },
        {
            "rolls": {
                "min": 4,
                "max": 5
            },
            "bonus_rolls": 1,
            "entries": [
                {
                    "type": "item",
                    "name": "minecraft:lapis_lazuli",
                    "weight": 1
                },
                {
                    "type": "item",
                    "name": "minecraft:quartz",
                    "weight": 1
                },
                {
                    "type": "item",
                    "name": "minecraft:gold_ingot",
                    "weight": 1
                },
                {
                    "type": "item",
                    "name": "minecraft:emerald",
                    "weight": 1
                }
            ]
        }
    ]
}