{
    "pools": [
        {
            "rolls": {
                "min": 4,
                "max": 7
            },
            "entries": [
                {
                    "type": "item",
                    "name": "minecraft:potion",
                    "functions": [
                        {
                            "function": "set_nbt",
                            "tag": "{Potion:\"minecraft:water\"}"
                        }
                    ],
                    "weight": 3
                },
                {
                    "type": "item",
                    "name": "minecraft:book",
                    "functions": [
                        {
                            "function": "set_count",
                            "count": {
                                "min": 1,
                                "max": 2
                            }
                        }
                    ],
                    "weight": 2
                },
                {
                    "type": "item",
                    "name": "minecraft:iron_ingot",
                    "functions": [
                        {
                            "function": "set_count",
                            "count": {
                                "min": 1,
                                "max": 4
                            }
                        }
                    ],
                    "weight": 2
                },
                {
                    "type": "item",
                    "name": "minecraft:gold_ingot",
                    "functions": [
                        {
                            "function": "set_count",
                            "count": {
                                "min": 1,
                                "max": 3
                            }
                        }
                    ],
                    "weight": 2
                },
                {
                    "type": "item",
                    "name": "minecraft:fishing_rod",
                    "weight": 1
                },
                {
                    "type": "item",
                    "name": "minecraft:compass",
                    "weight": 1
                },
                {
                    "type": "item",
                    "name": "minecraft:cooked_cod",
                    "functions": [
                        {
                            "function": "set_count",
                            "count": {
                                "min": 1,
                                "max": 7
                            }
                        }
                    ],
                    "weight": 3
                },
                {
                    "type": "item",
                    "name": "minecraft:iron_sword",
                    "weight": 1
                },
                {
                    "type": "item",
                    "name": "minecraft:emerald",
                    "quality": 1,
                    "functions": [
                        {
                            "function": "set_count",
                            "count": {
                                "min": 1,
                                "max": 4
                            }
                        }
                    ],
                    "weight": 3
                },
                {
                    "type": "item",
                    "name": "minecraft:scute",
                    "quality": 1,
                    "weight": 1
                },
                {
                    "type": "item",
                    "name": "minecraft:nautilus_shell",
                    "quality": 1,
                    "weight": 1
                },
                {
                    "type": "item",
                    "name": "minecraft:poisonous_potato",
                    "weight": 1
                },
                {
                    "type": "item",
                    "name": "minecraft:dried_kelp",
                    "weight": 1
                }
            ]
        },
        {
            "rolls": 1,
            "entries": [
                {
                    "type": "empty",
                    "weight": 3
                },
                {
                    "type": "item",
                    "name": "minecraft:book",
                    "functions": [
                        {
                            "function": "enchant_with_levels",

                            "treasure": true,
                            "levels": {
                                "min": 10,
                                "max": 30
                            }
                        }
                    ],
                    "weight": 1
                },
                {
                    "type": "item",
                    "name": "minecraft:fishing_rod",
                    "functions": [
                        {
                            "function": "enchant_with_levels",

                            "treasure": true,
                            "levels": {
                                "min": 10,
                                "max": 30
                            }
                        }
                    ],
                    "weight": 1
                }
            ]
        }
    ]
}