{
    "pools": [
        {
            "rolls": 1,
            "entries": [
                {
                    "type": "item",
                    "name": "minecraft:paper",
                    "functions": [
                        {
                            "function": "set_nbt",
                            "tag": "{rnd:cargo_dried_kelp_block,cargo:1}"
                        }
                    ],
                    "weight": 1
                },
                {
                    "type": "item",
                    "name": "minecraft:paper",
                    "functions": [
                        {
                            "function": "set_nbt",
                            "tag": "{rnd:cargo_hay_block,cargo:1}"
                        }
                    ],
                    "weight": 1
                },
                {
                    "type": "item",
                    "name": "minecraft:paper",
                    "functions": [
                        {
                            "function": "set_nbt",
                            "tag": "{rnd:cargo_cauldron,cargo:1}"
                        }
                    ],
                    "weight": 1
                },
                {
                    "type": "item",
                    "name": "minecraft:paper",
                    "functions": [
                        {
                            "function": "set_nbt",
                            "tag": "{rnd:cargo_crafting_table,cargo:1}"
                        }
                    ],
                    "weight": 1
                }
            ]
        }
    ]
}