{
    "pools": [
        {
            "rolls": 1,
            "entries": [
                {
                    "type": "item",
                    "name": "minecraft:paper",
                    "functions": [
                        {
                            "function": "set_nbt",
                            "tag": "{rnd:sail_white,sail:1}"
                        }
                    ],
                    "weight": 1
                },
                {
                    "type": "item",
                    "name": "minecraft:paper",
                    "functions": [
                        {
                            "function": "set_nbt",
                            "tag": "{rnd:sail_blue,sail:1}"
                        }
                    ],
                    "weight": 1
                },
                {
                    "type": "item",
                    "name": "minecraft:paper",
                    "functions": [
                        {
                            "function": "set_nbt",
                            "tag": "{rnd:sail_red,sail:1}"
                        }
                    ],
                    "weight": 1
                },
                {
                    "type": "item",
                    "name": "minecraft:paper",
                    "functions": [
                        {
                            "function": "set_nbt",
                            "tag": "{rnd:sail_yellow,sail:1}"
                        }
                    ],
                    "weight": 1
                },
                {
                    "type": "item",
                    "name": "minecraft:paper",
                    "functions": [
                        {
                            "function": "set_nbt",
                            "tag": "{rnd:sail_black,sail:1}"
                        }
                    ],
                    "weight": 1
                },
                {
                    "type": "item",
                    "name": "minecraft:paper",
                    "functions": [
                        {
                            "function": "set_nbt",
                            "tag": "{rnd:sail_purple,sail:1}"
                        }
                    ],
                    "weight": 1
                },
                {
                    "type": "item",
                    "name": "minecraft:paper",
                    "functions": [
                        {
                            "function": "set_nbt",
                            "tag": "{rnd:sail_green,sail:1}"
                        }
                    ],
                    "weight": 1
                },
                {
                    "type": "item",
                    "name": "minecraft:paper",
                    "functions": [
                        {
                            "function": "set_nbt",
                            "tag": "{rnd:sail_cyan,sail:1}"
                        }
                    ],
                    "weight": 1
                },
                {
                    "type": "item",
                    "name": "minecraft:paper",
                    "functions": [
                        {
                            "function": "set_nbt",
                            "tag": "{rnd:sail_gray,sail:1}"
                        }
                    ],
                    "weight": 1
                },
                {
                    "type": "item",
                    "name": "minecraft:paper",
                    "functions": [
                        {
                            "function": "set_nbt",
                            "tag": "{rnd:sail_black_blue,sail:1}"
                        }
                    ],
                    "weight": 1
                },
                {
                    "type": "item",
                    "name": "minecraft:paper",
                    "functions": [
                        {
                            "function": "set_nbt",
                            "tag": "{rnd:sail_fire,sail:1}"
                        }
                    ],
                    "weight": 1
                },
                {
                    "type": "item",
                    "name": "minecraft:paper",
                    "functions": [
                        {
                            "function": "set_nbt",
                            "tag": "{rnd:sail_sunrise,sail:1}"
                        }
                    ],
                    "weight": 0
                },
                {
                    "type": "item",
                    "name": "minecraft:paper",
                    "functions": [
                        {
                            "function": "set_nbt",
                            "tag": "{rnd:sail_brown,sail:1}"
                        }
                    ],
                    "weight": 1
                },
                {
                    "type": "item",
                    "name": "minecraft:paper",
                    "functions": [
                        {
                            "function": "set_nbt",
                            "tag": "{rnd:sail_trident,sail:1}"
                        }
                    ],
                    "weight": 1
                }
            ]
        }
    ]
}