{
    "pools": [
        {
            "rolls": 1,
            "entries": [
                {
                    "type": "item",
                    "name": "minecraft:paper",
                    "functions": [
                        {
                            "function": "set_nbt",
                            "tag": "{rnd:banner_illager_1,banner:1}"
                        }
                    ],
                    "weight": 1
                },
                {
                    "type": "item",
                    "name": "minecraft:paper",
                    "functions": [
                        {
                            "function": "set_nbt",
                            "tag": "{rnd:banner_illager_2,banner:1}"
                        }
                    ],
                    "weight": 1
                },
                {
                    "type": "item",
                    "name": "minecraft:paper",
                    "functions": [
                        {
                            "function": "set_nbt",
                            "tag": "{rnd:banner_illager_3,banner:1}"
                        }
                    ],
                    "weight": 1
                },
                {
                    "type": "item",
                    "name": "minecraft:paper",
                    "functions": [
                        {
                            "function": "set_nbt",
                            "tag": "{rnd:banner_illager_4,banner:1}"
                        }
                    ],
                    "weight": 1
                },
                {
                    "type": "item",
                    "name": "minecraft:paper",
                    "functions": [
                        {
                            "function": "set_nbt",
                            "tag": "{rnd:banner_illager_5,banner:1}"
                        }
                    ],
                    "weight": 1
                },
                {
                    "type": "item",
                    "name": "minecraft:paper",
                    "functions": [
                        {
                            "function": "set_nbt",
                            "tag": "{rnd:banner_illager_6,banner:1}"
                        }
                    ],
                    "weight": 1
                },
                {
                    "type": "item",
                    "name": "minecraft:paper",
                    "functions": [
                        {
                            "function": "set_nbt",
                            "tag": "{rnd:banner_illager_7,banner:1}"
                        }
                    ],
                    "weight": 1
                },
                {
                    "type": "item",
                    "name": "minecraft:paper",
                    "functions": [
                        {
                            "function": "set_nbt",
                            "tag": "{rnd:banner_illager_8,banner:1}"
                        }
                    ],
                    "weight": 1
                }
            ]
        }
    ]
}