{
    "pools": [
        {
            "rolls": 1,
            "entries": [
                {
                    "type": "empty",
                    "weight": 2
                },
                {
                    "type": "item",
                    "name": "minecraft:paper",
                    "functions": [
                        {
                            "function": "set_nbt",
                            "tag": "{rnd:witch_trap,trap:1}"
                        }
                    ],
                    "weight": 1
                }
            ]
        }
    ]
}