{
    "pools": [
        {
            "rolls": 1,
            "entries": [
                {
                    "type": "empty",
                    "weight": 1
                },
                {
                    "type": "item",
                    "name": "minecraft:paper",
                    "functions": [
                        {
                            "function": "set_nbt",
                            "tag": "{rnd:sail_witch_1,sail:1}"
                        }
                    ],
                    "weight": 1
                },
                {
                    "type": "item",
                    "name": "minecraft:paper",
                    "functions": [
                        {
                            "function": "set_nbt",
                            "tag": "{rnd:sail_witch_2,sail:1}"
                        }
                    ],
                    "weight": 1
                },
                {
                    "type": "item",
                    "name": "minecraft:paper",
                    "functions": [
                        {
                            "function": "set_nbt",
                            "tag": "{rnd:sail_witch_3,sail:1}"
                        }
                    ],
                    "weight": 1
                },
                {
                    "type": "item",
                    "name": "minecraft:paper",
                    "functions": [
                        {
                            "function": "set_nbt",
                            "tag": "{rnd:sail_witch_4,sail:1}"
                        }
                    ],
                    "weight": 0
                }
            ]
        }
    ]
}